product_id,name,category,price,cost,is_active
P00001,Product 1 - Prove,Electronics,187.62,111.17,True
P00002,Product 2 - Federal,Electronics,65.46,36.44,True
P00003,Product 3 - Then,Health,133.77,89.3,True
P00004,Product 4 - Before,Fashion,150.05,96.32,True
P00005,Product 5 - Business,Luxury Goods,37.7,21.32,True
P00006,Product 6 - Nothing,Home Furnishings,159.03,73.77,True
P00007,Product 7 - Part,Health,137.64,94.08,True
P00008,Product 8 - Bag,Electronics,116.45,52.39,True
P00009,Product 9 - Gun,Home,96.45,56.18,True
P00010,Product 10 - View,Furnishings,138.26,74.81,True
P00011,Product 11 - Answer,Fashion,206.61,109.86,True
P00012,Product 12 - Choice,Home Furnishings,173.32,81.12,True
P00013,Product 13 - Ball,Fashion,98.89,57.69,True
P00014,Product 14 - Lead,Apparel,236.69,140.89,True
P00015,Product 15 - International,Electronics,91.47,58.32,True
P00016,Product 16 - Nice,Apparel,71.34,38.74,True
P00017,Product 17 - Investment,Home,175.91,111.62,True
P00018,Product 18 - Coach,Electronics,75.58,32.68,True
P00019,Product 19 - Turn,Home,87.68,37.66,True
P00020,Product 20 - Majority,Electronics,82.32,53.29,True
P00021,Product 21 - Short,Luxury Goods,133.59,91.33,False
P00022,Product 22 - Not,Electronics,197.86,113.79,True
P00023,Product 23 - Establish,Home,49.48,22.64,True
P00024,Product 24 - Year,Electronics,238.52,107.36,True
P00025,Product 25 - Action,Home,161.03,98.62,True
P00026,Product 26 - Sell,Electronics,37.21,22.72,True
P00027,Product 27 - Head,Electronics,169.02,75.47,True
P00028,Product 28 - Ago,Home,117.93,54.71,True
P00029,Product 29 - Tough,Sports,89.88,40.95,True
P00030,Product 30 - Often,Furnishings,59.9,24.71,True
P00031,Product 31 - Certain,Electronics,181.03,109.13,True
P00032,Product 32 - It,Electronics,113.31,68.95,True
P00033,Product 33 - Several,Health,36.12,16.62,True
P00034,Product 34 - Term,Health,30.26,21.0,True
P00035,Product 35 - Ten,Home,33.91,18.98,True
P00036,Product 36 - Economic,Electronics,235.61,105.05,True
P00037,Product 37 - Position,Home Furnishings,153.84,88.64,False
P00038,Product 38 - Black,Electronics,87.11,41.72,True
P00039,Product 39 - Myself,Home,77.63,49.32,True
P00040,Product 40 - Material,Home,180.9,73.92,True
P00041,Product 41 - Natural,Electronics,97.02,57.84,True
P00042,Product 42 - Nothing,Apparel,181.12,125.5,True
P00043,Product 43 - Thank,Electronics,136.05,71.52,True
P00044,Product 44 - Sound,Furnishings,59.75,24.51,True
P00045,Product 45 - Lawyer,Sports,121.11,79.93,False
P00046,Product 46 - Professor,Home Furnishings,38.53,22.66,True
P00047,Product 47 - Special,Fashion,220.96,117.77,True
P00048,Product 48 - Factor,Electronics,165.66,79.77,True
P00049,Product 49 - Discussion,Electronics,70.62,38.59,True
P00050,Product 50 - Move,Apparel,119.48,48.51,True
P00051,Product 51 - Without,Health,168.91,87.32,True
P00052,Product 52 - Food,Electronics,145.52,63.54,True
P00053,Product 53 - Little,Luxury Goods,55.04,34.55,False
P00054,Product 54 - Myself,Luxury Goods,134.48,61.1,True
P00055,Product 55 - Discussion,Electronics,155.64,75.84,True
P00056,Product 56 - Tend,Health,138.72,74.27,True
P00057,Product 57 - Street,Electronics,155.42,75.47,True
P00058,Product 58 - His,Fashion,53.34,31.76,True
P00059,Product 59 - First,Furnishings,108.98,62.77,True
P00060,Product 60 - Different,Luxury Goods,102.71,56.16,True
P00061,Product 61 - Require,Electronics,93.49,54.91,True
P00062,Product 62 - Third,Home,41.41,23.3,True
P00063,Product 63 - Onto,Health,83.63,41.58,True
P00064,Product 64 - Maintain,Furnishings,94.54,41.26,True
P00065,Product 65 - Local,Home,45.61,24.32,True
P00066,Product 66 - Security,Furnishings,156.25,98.81,True
P00067,Product 67 - Show,Fashion,222.84,102.83,True
P00068,Product 68 - Sense,Apparel,249.67,124.91,False
P00069,Product 69 - Hundred,Electronics,185.11,81.55,True
P00070,Product 70 - Board,Health,172.79,115.97,True
P00071,Product 71 - Soldier,Home Furnishings,91.91,40.57,True
P00072,Product 72 - No,Electronics,218.08,123.89,True
P00073,Product 73 - Report,Home Furnishings,158.96,91.82,True
P00074,Product 74 - Pretty,Health,129.46,88.54,True
P00075,Product 75 - Reduce,Electronics,152.02,68.62,True
P00076,Product 76 - Great,Home,30.59,12.89,True
P00077,Product 77 - Live,Home,140.03,60.13,True
P00078,Product 78 - Room,Sports,67.97,33.13,True
P00079,Product 79 - Interest,Health,53.13,31.26,True
P00080,Product 80 - Trial,Home,173.25,81.99,True
P00081,Product 81 - Stock,Home,129.02,81.45,False
P00082,Product 82 - Strategy,Home,166.7,112.59,True
P00083,Product 83 - Social,Electronics,146.39,101.3,True
P00084,Product 84 - Act,Fashion,181.6,80.48,True
P00085,Product 85 - Work,Fashion,170.34,96.56,True
P00086,Product 86 - Forget,Health,139.52,64.57,True
P00087,Product 87 - Week,Electronics,71.3,48.9,True
P00088,Product 88 - Manage,Electronics,67.22,37.83,False
P00089,Product 89 - Between,Home,84.26,34.53,True
P00090,Product 90 - Short,Furnishings,40.92,28.61,True
P00091,Product 91 - Others,Fashion,77.41,35.17,True
P00092,Product 92 - During,Furnishings,145.33,82.48,True
P00093,Product 93 - Five,Sports,66.42,45.56,True
P00094,Product 94 - Many,Electronics,178.61,93.53,True
P00095,Product 95 - Chair,Sports,113.81,57.48,True
P00096,Product 96 - Response,Fashion,104.66,72.92,True
P00097,Product 97 - Challenge,Home,143.79,74.95,True
P00098,Product 98 - Son,Home,83.32,34.57,True
P00099,Product 99 - Role,Electronics,82.82,34.8,True
P00100,Product 100 - Every,Home,173.33,93.35,False
P00101,Product 101 - Reach,Electronics,157.71,74.37,True
P00102,Product 102 - Talk,Fashion,220.76,94.39,True
P00103,Product 103 - Bit,Fashion,82.26,55.97,True
P00104,Product 104 - Forget,Electronics,135.31,67.59,True
P00105,Product 105 - Car,Electronics,106.71,70.48,True
P00106,Product 106 - Shoulder,Electronics,210.23,117.15,True
P00107,Product 107 - Sell,Health,174.89,106.98,True
P00108,Product 108 - About,Electronics,135.26,93.3,True
P00109,Product 109 - Catch,Electronics,109.51,68.28,True
P00110,Product 110 - Nation,Home Furnishings,163.52,73.57,True
P00111,Product 111 - Two,Health,117.54,55.58,False
P00112,Product 112 - Guess,Fashion,104.53,71.41,True
P00113,Product 113 - Behind,Fashion,108.49,66.75,False
P00114,Product 114 - Able,Health,156.12,91.7,True
P00115,Product 115 - Dark,Electronics,152.24,90.93,False
P00116,Product 116 - Yes,Electronics,51.04,22.06,True
P00117,Product 117 - Customer,Health,31.42,18.79,False
P00118,Product 118 - Others,Electronics,113.26,60.48,True
P00119,Product 119 - Yes,Fashion,185.59,98.76,True
P00120,Product 120 - Defense,Furnishings,177.67,123.33,False
P00121,Product 121 - Time,Electronics,47.98,32.72,True
P00122,Product 122 - Force,Fashion,86.91,55.53,True
P00123,Product 123 - Stand,Sports,108.76,65.83,True
P00124,Product 124 - Key,Apparel,178.94,79.4,True
P00125,Product 125 - When,Furnishings,208.83,108.73,True
P00126,Product 126 - Film,Electronics,93.58,40.98,True
P00127,Product 127 - Far,Electronics,229.83,159.67,True
P00128,Product 128 - Me,Home Furnishings,40.9,20.82,True
P00129,Product 129 - Just,Luxury Goods,139.33,58.3,True
P00130,Product 130 - Fight,Home,122.46,71.27,True
P00131,Product 131 - Heart,Health,51.24,35.19,False
P00132,Product 132 - Region,Home,123.18,85.75,True
P00133,Product 133 - Week,Home,141.53,71.14,True
P00134,Product 134 - Song,Health,37.99,15.52,True
P00135,Product 135 - Several,Health,95.74,42.68,True
P00136,Product 136 - South,Sports,104.52,65.03,True
P00137,Product 137 - Parent,Health,156.05,103.74,True
P00138,Product 138 - Tend,Fashion,117.13,69.15,True
P00139,Product 139 - Save,Luxury Goods,147.57,59.35,True
P00140,Product 140 - Population,Electronics,110.84,63.76,True
P00141,Product 141 - Future,Fashion,133.88,53.88,True
P00142,Product 142 - Note,Electronics,52.1,30.16,True
P00143,Product 143 - Theory,Sports,39.27,25.04,False
P00144,Product 144 - Yet,Electronics,116.0,69.49,True
P00145,Product 145 - Behavior,Fashion,159.03,88.25,True
P00146,Product 146 - Seven,Electronics,53.58,25.93,True
P00147,Product 147 - Wonder,Health,132.1,78.12,True
P00148,Product 148 - Case,Electronics,114.11,77.11,True
P00149,Product 149 - Owner,Fashion,159.07,72.99,True
P00150,Product 150 - Fly,Fashion,66.45,29.02,True
P00151,Product 151 - Ten,Home,132.63,86.38,True
P00152,Product 152 - Six,Home,30.56,12.84,True
P00153,Product 153 - Others,Fashion,189.27,131.69,True
P00154,Product 154 - Investment,Electronics,121.4,62.49,True
P00155,Product 155 - Why,Electronics,203.71,90.96,False
P00156,Product 156 - Seek,Health,71.99,42.57,True
P00157,Product 157 - Benefit,Luxury Goods,92.23,62.52,True
P00158,Product 158 - Purpose,Home,32.99,13.4,True
P00159,Product 159 - Join,Home,183.04,116.23,True
P00160,Product 160 - Yet,Apparel,227.87,101.81,True
P00161,Product 161 - Call,Sports,132.23,55.52,True
P00162,Product 162 - Performance,Electronics,182.1,84.63,True
P00163,Product 163 - Food,Health,34.11,14.59,True
P00164,Product 164 - Sign,Health,123.44,70.05,True
P00165,Product 165 - Morning,Health,55.99,25.55,True
P00166,Product 166 - Past,Electronics,95.21,53.73,True
P00167,Product 167 - Pretty,Home Furnishings,147.28,93.68,True
P00168,Product 168 - Beautiful,Home,51.64,31.15,True
P00169,Product 169 - Large,Apparel,40.41,26.83,True
P00170,Product 170 - Like,Home,57.5,39.97,True
P00171,Product 171 - Example,Apparel,54.44,25.63,True
P00172,Product 172 - Me,Furnishings,132.56,64.12,True
P00173,Product 173 - Just,Home,123.25,82.53,False
P00174,Product 174 - Huge,Home,35.78,15.89,True
P00175,Product 175 - Usually,Home,55.28,35.72,True
P00176,Product 176 - Piece,Electronics,134.21,84.87,True
P00177,Product 177 - Real,Electronics,106.17,68.77,False
P00178,Product 178 - Medical,Home,80.69,36.93,True
P00179,Product 179 - Less,Home,101.94,41.22,True
P00180,Product 180 - Risk,Electronics,86.45,58.98,True
P00181,Product 181 - His,Health,99.76,68.59,True
P00182,Product 182 - Large,Home,98.93,44.45,True
P00183,Product 183 - First,Health,149.41,74.87,True
P00184,Product 184 - Hospital,Apparel,207.94,98.61,True
P00185,Product 185 - Yard,Fashion,215.25,86.49,True
P00186,Product 186 - Natural,Health,43.81,23.23,True
P00187,Product 187 - Popular,Electronics,129.17,58.56,True
P00188,Product 188 - Writer,Electronics,178.87,81.38,True
P00189,Product 189 - Write,Fashion,115.76,61.36,True
P00190,Product 190 - Man,Health,73.78,37.14,True
P00191,Product 191 - Per,Health,101.92,45.14,True
P00192,Product 192 - Give,Home Furnishings,68.07,31.42,True
P00193,Product 193 - Its,Electronics,183.03,97.16,True
P00194,Product 194 - Sell,Furnishings,187.57,129.83,True
P00195,Product 195 - Detail,Home,44.84,21.51,True
P00196,Product 196 - Mrs,Furnishings,53.53,36.81,True
P00197,Product 197 - Prove,Home,38.89,24.54,True
P00198,Product 198 - Candidate,Luxury Goods,49.01,20.86,True
P00199,Product 199 - Sometimes,Furnishings,64.72,29.91,False
P00200,Product 200 - East,Fashion,195.49,131.27,True
